City_ID,City,Country,Date,Lat,Lng,Max Temp,Humidity,Cloudiness,Wind Speed
0,Punta Arenas,CL,2021-09-24 20:52:10,-53.15,-70.9167,55.42,62,75,16.11
1,Rikitea,PF,2021-09-24 20:52:10,-23.1203,-134.9692,73.83,81,100,23.09
2,Upernavik,GL,2021-09-24 20:52:10,72.7868,-56.1549,24.66,86,84,4.59
3,Kavaratti,IN,2021-09-24 20:52:10,10.5669,72.642,81.66,78,94,13.91
4,Port Hedland,AU,2021-09-24 20:52:11,-20.3167,118.5667,60.85,100,90,0.0
5,Georgetown,MY,2021-09-24 20:48:21,5.4112,100.3354,81.9,91,20,1.99
6,College,US,2021-09-24 20:51:26,64.8569,-147.8028,35.29,87,90,4.61
7,Hualahuises,MX,2021-09-24 20:52:11,24.8847,-99.6733,84.36,49,55,6.02
8,Ponta Do Sol,PT,2021-09-24 20:52:12,32.6667,-17.1,72.23,72,20,3.36
9,Baracoa,CU,2021-09-24 20:52:12,20.3467,-74.4958,83.64,77,61,4.43
10,Bengkulu,ID,2021-09-24 20:51:06,-3.8004,102.2655,75.24,92,100,5.97
11,Chokurdakh,RU,2021-09-24 20:52:12,70.6333,147.9167,32.4,97,100,16.31
12,Port Hardy,CA,2021-09-24 20:52:12,50.6996,-127.4199,57.2,88,40,3.44
13,Leningradskiy,RU,2021-09-24 20:52:13,69.3833,178.4167,24.94,85,100,10.63
14,Sorland,NO,2021-09-24 20:52:13,67.667,12.6934,49.14,78,100,18.86
15,Blyth,GB,2021-09-24 20:52:13,55.1271,-1.5086,65.28,84,20,16.11
16,Port Macquarie,AU,2021-09-24 20:52:13,-31.4333,152.9167,55.36,48,15,7.09
17,Kruisfontein,ZA,2021-09-24 20:52:14,-34.0033,24.7314,51.89,91,55,4.72
18,Guerrero Negro,MX,2021-09-24 20:52:14,27.9769,-114.0611,77.43,60,100,13.69
19,Goderich,CA,2021-09-24 20:52:14,43.7501,-81.7165,65.91,72,72,6.91
20,Atuona,PF,2021-09-24 20:52:15,-9.8,-139.0333,77.31,79,65,17.4
21,Carnarvon,AU,2021-09-24 20:52:15,-24.8667,113.6333,66.27,82,75,14.97
22,Husavik,IS,2021-09-24 20:52:15,66.0449,-17.3389,37.31,83,97,6.64
23,Amahai,ID,2021-09-24 20:52:15,-3.3333,128.9167,75.25,88,65,4.23
24,Constitucion,CL,2021-09-24 20:52:16,-35.3333,-72.4167,61.2,68,4,8.66
25,Fortuna,US,2021-09-24 20:52:16,40.5982,-124.1573,78.93,58,20,1.01
26,New Norfolk,AU,2021-09-24 20:52:16,-42.7826,147.0587,38.91,73,11,1.99
27,Ushuaia,AR,2021-09-24 20:52:16,-54.8,-68.3,42.46,87,75,13.8
28,Jamestown,US,2021-09-24 20:47:22,42.097,-79.2353,68.29,52,20,17.27
29,Cairns,AU,2021-09-24 20:51:47,-16.9167,145.7667,70.11,84,90,10.36
30,Taoudenni,ML,2021-09-24 20:52:17,22.6783,-3.9836,99.99,11,13,3.47
31,Port Lincoln,AU,2021-09-24 20:52:17,-34.7333,135.8667,52.72,70,100,10.63
32,Greymouth,NZ,2021-09-24 20:47:39,-42.4667,171.2,53.73,92,97,18.3
33,Cape Town,ZA,2021-09-24 20:50:52,-33.9258,18.4232,57.61,81,0,10.36
34,Hermanus,ZA,2021-09-24 20:52:17,-34.4187,19.2345,56.89,86,44,2.71
35,Biak,ID,2021-09-24 20:52:18,-0.9131,122.8766,74.89,89,96,6.8
36,Castro,BR,2021-09-24 20:47:36,-24.7911,-50.0119,69.85,58,84,1.66
37,Thompson,CA,2021-09-24 20:49:04,55.7435,-97.8558,44.76,87,90,10.36
38,Auki,SB,2021-09-24 20:52:18,-8.7676,160.7034,80.89,78,47,3.44
39,Mar Del Plata,AR,2021-09-24 20:52:18,-38.0023,-57.5575,59.02,28,20,15.99
40,Nikolskoye,RU,2021-09-24 20:49:20,59.7035,30.7861,46.87,89,100,6.11
41,Larsnes,NO,2021-09-24 20:52:18,62.2028,5.5773,52.21,91,85,25.5
42,Busselton,AU,2021-09-24 20:47:40,-33.65,115.3333,48.04,75,9,15.32
43,Saint-Philippe,RE,2021-09-24 20:52:19,-21.3585,55.7679,69.35,82,41,12.48
44,Nara,JP,2021-09-24 20:52:19,34.6851,135.8049,68.5,74,6,2.89
45,Rio Gallegos,AR,2021-09-24 20:51:41,-51.6226,-69.2181,71.65,21,75,24.16
46,Yellowknife,CA,2021-09-24 20:52:19,62.456,-114.3525,46.42,90,90,5.01
47,Zhigansk,RU,2021-09-24 20:52:20,66.7697,123.3711,34.27,82,100,15.08
48,Hilo,US,2021-09-24 20:52:20,19.7297,-155.09,82.13,68,20,9.22
49,Seoul,KR,2021-09-24 20:52:20,37.5683,126.9778,67.57,78,0,8.05
50,Butaritari,KI,2021-09-24 20:47:51,3.0707,172.7902,83.8,74,13,13.35
51,Bluff,NZ,2021-09-24 20:52:20,-46.6,168.3333,49.8,63,61,23.62
52,Mataura,NZ,2021-09-24 20:52:21,-46.1927,168.8643,49.48,93,52,9.69
53,Cabo San Lucas,MX,2021-09-24 20:52:21,22.8909,-109.9124,94.6,66,20,12.66
54,Kawalu,ID,2021-09-24 20:52:21,-7.3817,108.2082,71.11,97,91,1.7
55,Narsaq,GL,2021-09-24 20:52:21,60.9167,-46.05,32.52,49,1,5.66
56,Albany,US,2021-09-24 20:52:22,42.6001,-73.9662,72.57,61,2,6.71
57,Chegdomyn,RU,2021-09-24 20:52:22,51.1167,133.0167,40.6,90,71,1.57
58,Faya,SA,2021-09-24 20:52:22,18.3851,42.4509,69.91,56,55,3.09
59,Ambilobe,MG,2021-09-24 20:52:22,-13.2,49.05,70.61,79,2,3.0
60,Vaini,TO,2021-09-24 20:47:44,-21.2,-175.2,71.76,78,20,13.8
61,Diffa,NE,2021-09-24 20:52:23,13.3154,12.6113,87.15,19,46,4.76
62,Chuy,UY,2021-09-24 20:52:23,-33.6971,-53.4616,57.51,88,0,9.19
63,Port Alfred,ZA,2021-09-24 20:52:23,-33.5906,26.891,59.54,83,50,2.62
64,Puerto Ayora,EC,2021-09-24 20:48:11,-0.7393,-90.3518,76.96,78,64,9.89
65,Biltine,TD,2021-09-24 20:48:18,14.5333,20.9167,89.29,31,97,5.99
66,Hobart,AU,2021-09-24 20:52:24,-42.8794,147.3294,39.25,79,20,4.0
67,Noumea,NC,2021-09-24 20:52:24,-22.2763,166.4572,73.0,99,96,7.02
68,Turochak,RU,2021-09-24 20:52:24,52.2576,87.1224,35.35,96,100,1.61
69,Ughelli,NG,2021-09-24 20:52:24,5.4899,6.0074,76.37,90,100,3.33
70,High Rock,BS,2021-09-24 20:52:24,26.6208,-78.2833,86.02,65,19,4.97
71,Severo-Kurilsk,RU,2021-09-24 20:47:36,50.6789,156.125,47.97,91,100,30.18
72,Pevek,RU,2021-09-24 20:52:25,69.7008,170.3133,27.9,85,100,10.92
73,Buriti Dos Lopes,BR,2021-09-24 20:52:25,-3.175,-41.8669,80.74,70,90,8.21
74,Klaksvik,FO,2021-09-24 20:52:25,62.2266,-6.589,43.72,67,97,9.15
75,Paamiut,GL,2021-09-24 20:52:25,61.994,-49.6678,32.95,51,0,34.18
76,Cidreira,BR,2021-09-24 20:52:26,-30.1811,-50.2056,63.72,83,26,7.7
77,Sur,OM,2021-09-24 20:52:26,22.5667,59.5289,82.92,72,100,9.75
78,Nusaybin,TR,2021-09-24 20:52:26,37.0778,41.2178,67.66,47,35,6.76
79,Juncos,PR,2021-09-24 20:52:27,18.2275,-65.921,88.88,77,86,5.1
80,Aklavik,CA,2021-09-24 20:52:27,68.2191,-135.0107,34.52,85,100,16.2
81,Samarai,PG,2021-09-24 20:52:27,-10.6167,150.6667,78.67,86,65,7.74
82,Clyde River,CA,2021-09-24 20:48:04,70.4692,-68.5914,35.83,75,75,4.61
83,Port Elizabeth,ZA,2021-09-24 20:47:50,-33.918,25.5701,54.1,94,20,4.61
84,Gwalior,IN,2021-09-24 20:52:27,26.2236,78.1792,77.72,89,74,4.32
85,Burgersdorp,ZA,2021-09-24 20:52:28,-30.9977,26.3286,61.12,17,16,0.78
86,Vardo,NO,2021-09-24 20:52:28,70.3705,31.1107,48.4,93,75,17.27
87,Allapalli,IN,2021-09-24 20:52:28,19.4167,80.0667,75.15,97,100,2.44
88,Baruun-Urt,MN,2021-09-24 20:52:29,46.6806,113.2792,49.87,94,31,7.67
89,Marck,FR,2021-09-24 20:52:29,50.949,1.9433,60.78,95,36,13.13
90,Lastoursville,GA,2021-09-24 20:52:29,-0.8143,12.7287,73.36,97,100,1.43
91,Kodiak,US,2021-09-24 20:52:29,57.79,-152.4072,49.51,29,1,6.91
92,Beira,MZ,2021-09-24 20:50:37,-19.8436,34.8389,66.29,88,0,5.99
93,Tyukhtet,RU,2021-09-24 20:52:30,56.5389,89.3011,32.88,98,100,9.73
94,Kencong,ID,2021-09-24 20:52:30,-8.2833,113.3667,74.44,92,68,1.79
95,San Isidro,PE,2021-09-24 20:52:30,-12.1167,-77.05,65.79,87,20,1.01
96,Angoche,MZ,2021-09-24 20:52:30,-16.2325,39.9086,73.26,77,0,5.95
97,Tiznit,MA,2021-09-24 20:52:31,29.5833,-9.5,64.13,72,0,3.22
98,Kaitangata,NZ,2021-09-24 20:52:31,-46.2817,169.8464,57.52,52,6,13.33
99,Tuktoyaktuk,CA,2021-09-24 20:52:31,69.4541,-133.0374,35.6,80,90,18.41
100,Sao Filipe,CV,2021-09-24 20:52:31,14.8961,-24.4956,78.78,75,78,9.62
101,Zhengjiatun,CN,2021-09-24 20:52:32,43.5064,123.5064,60.04,98,100,9.15
102,Naze,JP,2021-09-24 20:52:32,28.3667,129.4833,78.04,72,0,15.26
103,Hamilton,US,2021-09-24 20:52:31,39.1834,-84.5333,75.94,44,1,1.99
104,Urubicha,BO,2021-09-24 20:52:32,-15.3833,-62.95,97.95,22,74,1.95
105,Gravdal,NO,2021-09-24 20:52:33,68.1214,13.5031,46.99,78,100,13.6
106,Saint George,US,2021-09-24 20:52:33,37.1041,-113.5841,95.47,13,1,1.01
107,Khatanga,RU,2021-09-24 20:52:33,71.9667,102.5,29.8,91,75,6.17
108,Luang Prabang,LA,2021-09-24 20:52:33,19.8856,102.1347,74.59,87,100,2.13
109,Nikolayevsk-Na-Amure,RU,2021-09-24 20:52:34,53.1406,140.73,43.75,80,0,3.56
110,Sabang,ID,2021-09-24 20:52:34,5.8933,95.3214,82.74,75,77,16.42
111,Torbat-E Jam,IR,2021-09-24 20:52:34,35.244,60.6225,72.55,14,0,7.27
112,Shingu,JP,2021-09-24 20:52:34,33.7333,135.9833,68.92,87,40,5.35
113,Xiaoweizhai,CN,2021-09-24 20:52:35,26.1903,107.5125,67.64,97,52,3.98
114,Sarahan,IN,2021-09-24 20:52:35,31.5167,77.8,58.08,82,1,3.65
115,Ribeira Grande,PT,2021-09-24 20:52:35,38.5167,-28.7,72.0,78,40,14.97
116,Chama,CH,2021-09-24 20:52:35,47.1821,8.4636,62.04,94,0,0.0
117,Lukovetskiy,RU,2021-09-24 20:52:36,64.2956,41.9211,49.98,94,100,8.7
118,Esperance,AU,2021-09-24 20:52:36,-33.8667,121.9,44.44,85,47,11.21
119,Quatre Cocos,MU,2021-09-24 20:52:36,-20.2078,57.7625,71.71,81,8,15.84
120,Vila Velha,BR,2021-09-24 20:51:34,-20.3297,-40.2925,71.55,64,75,11.5
121,Menongue,AO,2021-09-24 20:52:36,-14.6585,17.691,67.39,19,4,5.59
122,Lagoa,PT,2021-09-24 20:52:37,39.05,-27.9833,70.38,75,100,15.57
123,Omboue,GA,2021-09-24 20:48:54,-1.5746,9.2618,76.42,87,63,6.87
124,Raudeberg,NO,2021-09-24 20:52:37,61.9875,5.1352,51.4,95,81,14.0
125,Pacific Grove,US,2021-09-24 20:47:37,36.6177,-121.9166,90.61,83,1,3.0
126,Chernyanka,RU,2021-09-24 20:52:37,50.9409,37.8069,47.12,89,100,13.98
127,Pangnirtung,CA,2021-09-24 20:52:37,66.1451,-65.7125,37.4,65,20,5.75
128,Atkinson,US,2021-09-24 20:51:28,42.8384,-71.147,76.51,85,90,1.99
129,Barrow,US,2021-09-24 20:52:38,71.2906,-156.7887,26.62,80,90,5.75
130,Ust-Maya,RU,2021-09-24 20:52:38,60.4167,134.5333,41.97,92,100,5.12
131,Souillac,MU,2021-09-24 20:50:46,-20.5167,57.5167,71.98,83,40,11.5
132,Avarua,CK,2021-09-24 20:52:38,-21.2078,-159.775,77.05,53,91,10.36
133,Verkhnevilyuysk,RU,2021-09-24 20:52:38,63.4453,120.3167,31.37,88,15,3.87
134,Bethel,US,2021-09-24 20:52:39,41.3712,-73.414,73.92,59,1,4.61
135,Riyadh,SA,2021-09-24 20:47:40,24.6877,46.7219,87.94,12,12,8.05
136,Berdigestyakh,RU,2021-09-24 20:52:39,62.0989,126.6992,35.47,93,86,7.96
137,George Town,MY,2021-09-24 20:52:39,5.4112,100.3354,81.9,91,20,1.01
138,Fare,PF,2021-09-24 20:52:40,-16.7,-151.0167,76.6,62,0,2.8
139,Oksfjord,NO,2021-09-24 20:52:40,70.2396,22.3479,49.12,94,100,10.22
140,Qasigiannguit,GL,2021-09-24 20:52:40,68.8193,-51.1922,16.52,85,63,2.84
141,Coxim,BR,2021-09-24 20:50:48,-18.5067,-54.76,98.91,16,16,3.53
142,Cururupu,BR,2021-09-24 20:52:40,-1.8283,-44.8683,78.96,75,56,4.36
143,Senanga,ZM,2021-09-24 20:47:55,-16.1167,23.2667,71.15,23,0,9.13
144,Namwala,ZM,2021-09-24 20:52:41,-15.7504,26.4384,72.93,32,0,5.46
145,Tuatapere,NZ,2021-09-24 20:52:41,-46.1333,167.6833,49.82,85,71,10.0
146,Codrington,AU,2021-09-24 20:52:41,-38.2667,141.9667,46.51,69,99,12.64
147,Rocha,UY,2021-09-24 20:52:42,-34.4833,-54.3333,56.7,91,64,8.55
148,Dingle,PH,2021-09-24 20:52:42,10.9995,122.6711,76.19,91,25,5.28
149,Sahuaripa,MX,2021-09-24 20:52:42,29.05,-109.2333,86.49,48,100,8.93
150,Bredasdorp,ZA,2021-09-24 20:52:42,-34.5322,20.0403,51.12,82,51,3.44
151,Charlestown,AU,2021-09-24 20:52:23,-32.95,151.6667,65.07,50,0,3.0
152,Hithadhoo,MV,2021-09-24 20:52:43,-0.6,73.0833,82.44,68,100,13.31
153,Camacha,PT,2021-09-24 20:52:43,33.0833,-16.3333,68.76,68,20,5.75
154,Qaanaaq,GL,2021-09-24 20:52:43,77.484,-69.3632,15.04,69,21,7.4
155,Weligama,LK,2021-09-24 20:52:43,5.9667,80.4167,78.28,87,99,14.34
156,Iqaluit,CA,2021-09-24 20:48:34,63.7506,-68.5145,31.73,86,75,13.0
157,Salalah,OM,2021-09-24 20:52:44,17.0151,54.0924,80.01,81,72,4.43
158,Buftea,RO,2021-09-24 20:52:44,44.5614,25.9489,63.63,62,0,4.61
159,Geneva,US,2021-09-24 20:52:29,41.8875,-88.3054,80.87,38,44,11.99
160,Airai,TL,2021-09-24 20:52:44,-8.9266,125.4092,57.02,82,56,1.63
161,Moron,AR,2021-09-24 20:52:44,-34.6534,-58.6198,67.01,53,12,5.01
162,Bonfim,BR,2021-09-24 20:52:45,3.0833,-59.95,89.08,55,100,3.69
163,Fuerte Olimpo,PY,2021-09-24 20:52:45,-21.0415,-57.8738,94.14,24,42,5.91
164,Sitka,US,2021-09-24 20:48:29,57.0531,-135.33,55.29,67,75,10.36
165,Aswan,EG,2021-09-24 20:52:45,24.0934,32.907,88.9,25,0,12.66
166,Bobcaygeon,CA,2021-09-24 20:52:45,44.5462,-78.542,59.63,76,100,8.9
167,Boundiali,CI,2021-09-24 20:52:46,9.5217,-6.4869,75.52,81,51,2.89
168,Victoria,HK,2021-09-24 20:48:24,22.2855,114.1577,84.38,82,17,5.99
169,Floro,NO,2021-09-24 20:52:46,61.5996,5.0328,52.5,93,75,17.27
170,Norman Wells,CA,2021-09-24 20:52:46,65.282,-126.8329,39.24,81,90,6.91
171,Vestmanna,FO,2021-09-24 20:52:47,62.1564,-7.1664,41.92,87,90,1.14
172,Mogadishu,SO,2021-09-24 20:52:47,2.0371,45.3438,77.45,85,100,18.16
173,Isangel,VU,2021-09-24 20:52:47,-19.55,169.2667,69.91,78,99,3.44
174,Santo Antonio Do Sudoeste,BR,2021-09-24 20:52:47,-26.0736,-53.7253,70.88,60,0,7.25
175,Marzuq,YE,2021-09-24 20:52:48,14.4,46.4667,76.5,52,93,3.65
176,Mahibadhoo,MV,2021-09-24 20:52:48,3.7833,72.9667,80.22,70,100,7.76
177,Olinda,BR,2021-09-24 20:52:48,-8.0089,-34.8553,78.53,69,40,12.66
178,Casa Grande,US,2021-09-24 20:52:48,32.8795,-111.7573,90.61,28,98,10.27
179,Governador Dix-Sept Rosado,BR,2021-09-24 20:52:49,-5.4577,-37.5209,84.04,63,20,17.2
180,Olafsvik,IS,2021-09-24 20:52:49,64.8945,-23.7142,43.29,67,96,21.56
181,The Pas,CA,2021-09-24 20:52:49,53.8251,-101.2541,53.62,66,90,19.57
182,Kavieng,PG,2021-09-24 20:52:49,-2.5744,150.7967,82.85,73,19,13.13
183,Yarada,IN,2021-09-24 20:52:49,17.65,83.2667,80.92,100,75,2.3
184,Azad Shahr,IR,2021-09-24 20:52:50,34.7909,48.5707,62.37,35,0,8.39
185,Pahrump,US,2021-09-24 20:52:50,36.2083,-115.9839,93.43,16,4,3.0
186,Pandan,PH,2021-09-24 20:50:15,14.0453,124.1694,81.07,85,57,6.93
187,Zhanaozen,KZ,2021-09-24 20:52:50,43.3,52.8,60.73,74,10,16.84
188,Blenheim,NZ,2021-09-24 20:52:51,-41.516,173.9528,60.53,63,0,4.0
189,Okha,RU,2021-09-24 20:52:51,53.5739,142.9478,44.1,84,5,6.55
190,Qaqortoq,GL,2021-09-24 20:52:51,60.7167,-46.0333,35.29,50,1,7.2
191,Nadym,RU,2021-09-24 20:51:14,65.5333,72.5167,32.16,85,5,7.11
192,Ostrovnoy,RU,2021-09-24 20:48:10,68.0531,39.5131,48.22,87,100,19.98
193,Baykit,RU,2021-09-24 20:52:51,61.67,96.37,31.5,94,100,2.89
194,Micheweni,TZ,2021-09-24 20:52:52,-4.9667,39.8333,76.37,79,91,12.95
195,Mehamn,NO,2021-09-24 20:48:38,71.0357,27.8492,48.38,76,40,13.8
196,Progreso,MX,2021-09-24 20:52:52,21.2833,-89.6667,90.1,67,70,10.31
197,Caraquet,CA,2021-09-24 20:52:53,47.7941,-64.9386,61.38,95,100,8.19
198,Korla,CN,2021-09-24 20:52:53,41.7597,86.1469,63.57,24,36,16.44
199,Harper,LR,2021-09-24 20:52:53,4.375,-7.7169,78.31,86,47,7.52
200,Havre-Saint-Pierre,CA,2021-09-24 20:52:53,50.2334,-63.5986,53.96,76,90,11.5
201,Mareeba,AU,2021-09-24 20:48:27,-17.0,145.4333,65.48,90,67,2.24
202,Ballina,AU,2021-09-24 20:48:44,-28.8667,153.5667,65.79,100,2,0.0
203,Yar-Sale,RU,2021-09-24 20:52:54,66.8333,70.8333,34.77,84,89,6.17
204,Manavalakurichi,IN,2021-09-24 20:52:54,8.1333,77.3,80.69,85,100,14.29
205,Erzin,TR,2021-09-24 20:52:54,36.9559,36.2,66.0,36,0,2.08
206,Merauke,ID,2021-09-24 20:50:23,-8.4667,140.3333,76.06,90,37,10.65
207,Sioux Lookout,CA,2021-09-24 20:52:54,50.1001,-91.917,55.78,50,90,5.75
208,Rajanpur,PK,2021-09-24 20:52:55,29.1035,70.325,88.03,47,1,3.04
209,Andenes,NO,2021-09-24 20:52:55,69.3143,16.1194,46.08,81,97,3.44
210,Severnyy-Kospashskiy,RU,2021-09-24 20:52:55,59.0925,57.8008,45.61,67,100,3.74
211,Dikson,RU,2021-09-24 20:52:55,73.5069,80.5464,35.6,85,76,16.22
212,Amalfi,CO,2021-09-24 20:52:56,6.9102,-75.0776,68.86,81,99,2.26
213,Plaster Rock,CA,2021-09-24 20:52:56,46.9065,-67.39,73.92,75,74,12.82
214,Berlevag,NO,2021-09-24 20:52:56,70.8578,29.0864,48.15,71,40,5.75
215,Juru,MY,2021-09-24 20:52:57,5.312,100.4423,81.91,93,20,2.3
216,Xichang,CN,2021-09-24 20:52:57,27.8964,102.2634,63.01,91,25,1.7
217,Edd,ER,2021-09-24 20:52:57,13.9297,41.6925,88.83,67,92,2.26
218,Soanierana Ivongo,MG,2021-09-24 20:52:57,-16.9167,49.5833,69.94,92,73,8.03
219,Loandjili,CG,2021-09-24 20:52:58,-4.7561,11.8578,77.11,83,40,5.75
220,Luderitz,NA,2021-09-24 20:52:58,-26.6481,15.1594,60.44,68,10,13.11
221,Longyearbyen,SJ,2021-09-24 20:52:58,78.2186,15.6401,40.84,87,75,2.3
222,Ndioum,SN,2021-09-24 20:52:58,16.5129,-14.6471,93.67,32,62,9.04
223,Madang,PG,2021-09-24 20:52:58,-5.2246,145.7966,77.27,90,80,1.97
224,Gigmoto,PH,2021-09-24 20:52:59,13.7796,124.39,80.56,86,64,6.2
225,Cherskiy,RU,2021-09-24 20:52:59,68.75,161.3,29.5,95,99,10.54
226,Kudahuvadhoo,MV,2021-09-24 20:52:59,2.6708,72.8944,79.72,71,100,7.27
227,Provideniya,RU,2021-09-24 20:49:16,64.3833,-173.3,34.03,90,100,17.96
228,Madera,US,2021-09-24 20:51:34,37.1666,-119.8343,98.53,15,5,7.18
229,Abramovka,RU,2021-09-24 20:53:00,51.1886,41.0202,47.73,68,95,5.28
230,Chihuahua,MX,2021-09-24 20:49:21,28.5,-106.0,78.55,39,75,3.44
231,Mikhaylovsk,RU,2021-09-24 20:53:00,45.1283,42.0256,48.94,93,0,6.71
232,Pachino,IT,2021-09-24 20:53:00,36.7186,15.0907,74.61,84,0,4.9
233,Coihueco,CL,2021-09-24 20:53:00,-36.6167,-71.8333,75.94,31,0,3.44
234,Vung Tau,VN,2021-09-24 20:53:01,10.346,107.0843,78.55,84,100,1.74
235,Samana,DO,2021-09-24 20:53:01,19.2056,-69.3369,88.02,74,75,4.61
236,Kahta,TR,2021-09-24 20:53:01,37.7855,38.6237,58.37,39,0,5.55
237,Salina,US,2021-09-24 20:53:01,38.8403,-97.6114,77.95,22,99,16.33
238,Peterhead,GB,2021-09-24 20:53:02,57.5058,-1.7981,61.2,87,46,10.45
239,Kapaa,US,2021-09-24 20:53:02,22.0752,-159.319,85.98,76,90,3.0
240,Portland,US,2021-09-24 20:52:48,45.5234,-122.6762,90.21,34,1,1.99
241,Clinton,US,2021-09-24 20:48:16,42.587,-82.9199,74.95,51,75,1.01
242,Faanui,PF,2021-09-24 20:53:02,-16.4833,-151.75,76.26,62,0,0.89
243,Te Anau,NZ,2021-09-24 20:53:02,-45.4167,167.7167,46.71,91,99,10.6
244,Mogzon,RU,2021-09-24 20:53:03,51.7435,111.9606,39.52,95,73,3.22
245,Tucumcari,US,2021-09-24 20:53:03,35.1717,-103.725,87.94,16,4,7.02
246,Santo Domingo,DO,2021-09-24 20:49:39,18.5001,-69.9886,94.64,68,20,3.0
247,Awassa,ET,2021-09-24 20:53:03,7.05,38.4667,60.4,97,100,1.52
248,Lompoc,US,2021-09-24 20:50:55,34.6391,-120.4579,81.12,76,1,8.05
249,Mandiana,GN,2021-09-24 20:53:04,10.6333,-8.6833,76.55,85,98,3.76
250,Emerald,AU,2021-09-24 20:53:04,-23.5333,148.1667,55.54,88,69,0.0
251,Sibut,CF,2021-09-24 20:53:04,5.718,19.0739,70.21,98,18,0.25
252,Sao Joao Da Barra,BR,2021-09-24 20:53:04,-21.6403,-41.0511,73.49,67,99,17.81
253,Sao Miguel Do Araguaia,BR,2021-09-24 20:53:05,-13.275,-50.1628,97.18,18,64,4.27
254,Chipping Sodbury,GB,2021-09-24 20:53:05,51.5381,-2.3938,64.24,92,39,1.01
255,Saldanha,ZA,2021-09-24 20:53:05,-33.0117,17.9442,53.65,87,89,5.79
256,Marrakesh,MA,2021-09-24 20:49:32,31.6315,-8.0083,75.27,43,40,10.36
257,Jinka,ET,2021-09-24 20:53:06,5.65,36.65,65.93,74,100,2.62
258,Teya,RU,2021-09-24 20:48:55,60.3778,92.6267,31.78,91,95,4.12
259,Tiksi,RU,2021-09-24 20:53:06,71.6872,128.8694,31.15,84,93,15.59
260,Senneterre,CA,2021-09-24 20:53:06,48.3835,-77.2328,55.62,92,100,14.63
261,Chernitsyno,RU,2021-09-24 20:53:06,51.5074,36.051,45.88,96,100,9.35
262,Caravelas,BR,2021-09-24 20:53:07,-17.7125,-39.2481,70.3,74,71,8.08
263,Mayo,US,2021-09-24 20:53:07,38.8876,-76.5119,76.64,46,1,4.0
264,Sangmelima,CM,2021-09-24 20:53:07,2.9333,11.9833,66.61,98,94,2.01
265,Ancud,CL,2021-09-24 20:53:07,-41.8697,-73.8203,63.93,84,68,7.72
266,Kenai,US,2021-09-24 20:53:08,60.5544,-151.2583,42.03,87,100,3.94
267,Lavrentiya,RU,2021-09-24 20:53:08,65.5833,-171.0,32.14,95,100,26.64
268,Takoradi,GH,2021-09-24 20:53:08,4.8845,-1.7554,77.07,91,45,7.05
269,Tulle,FR,2021-09-24 20:53:08,45.3333,1.8333,56.98,87,24,2.86
270,Nyirpazony,HU,2021-09-24 20:53:09,47.9833,21.8,51.78,75,100,4.38
271,Port-Gentil,GA,2021-09-24 20:53:09,-0.7193,8.7815,75.16,100,90,3.44
272,Ust-Kuyga,RU,2021-09-24 20:53:09,70.0167,135.6,33.04,91,100,5.7
273,Hasaki,JP,2021-09-24 20:53:09,35.7333,140.8333,70.29,74,100,16.73
274,Tooele,US,2021-09-24 20:53:10,40.5308,-112.2983,81.07,35,1,5.75
275,Gorontalo,ID,2021-09-24 20:53:10,0.5412,123.0595,74.17,95,87,1.34
276,Bowen,AU,2021-09-24 20:53:10,-20.0167,148.2333,55.62,85,32,6.24
277,Bichura,RU,2021-09-24 20:53:10,50.5881,107.6022,42.19,91,83,3.8
278,Ustrzyki Dolne,PL,2021-09-24 20:53:11,49.4304,22.5938,47.98,100,60,7.0
279,Tayu,ID,2021-09-24 20:53:11,-6.5397,111.0518,77.94,79,58,6.04
280,Bonavista,CA,2021-09-24 20:49:50,48.6499,-53.1147,50.11,69,10,14.34
281,Aykhal,RU,2021-09-24 20:50:29,66.0,111.5,30.36,88,12,1.72
282,Sosnovo-Ozerskoye,RU,2021-09-24 20:53:11,52.5249,111.5418,38.25,96,63,6.62
283,Lebu,CL,2021-09-24 20:53:11,-37.6167,-73.65,57.29,78,3,7.67
284,Akdepe,TM,2021-09-24 20:53:12,42.0551,59.3788,71.6,20,0,12.12
285,Praia,CV,2021-09-24 20:49:57,14.9215,-23.5087,81.14,74,75,13.8
286,Chara,RU,2021-09-24 20:53:12,56.9064,118.2631,37.96,79,100,2.91
287,Veraval,IN,2021-09-24 20:53:12,20.9,70.3667,79.45,84,38,6.44
288,Weyburn,CA,2021-09-24 20:53:13,49.6668,-103.8511,60.19,21,0,18.41
289,Kushmurun,KZ,2021-09-24 20:53:13,52.4503,64.6311,43.57,49,14,8.43
290,Boueni,YT,2021-09-24 20:53:13,-12.9025,45.0761,71.58,73,0,3.31
291,Aden,YE,2021-09-24 20:53:13,12.7794,45.0367,86.83,74,98,13.8
292,Hobyo,SO,2021-09-24 20:50:06,5.3505,48.5268,77.92,85,100,20.56
293,Beringovskiy,RU,2021-09-24 20:53:14,63.05,179.3167,32.05,96,99,24.25
294,Asau,RO,2021-09-24 20:53:14,46.4333,26.4,49.75,90,100,5.79
295,Cayenne,GF,2021-09-24 20:48:34,4.9333,-52.3333,86.04,80,20,3.0
296,Puerto Baquerizo Moreno,EC,2021-09-24 20:53:14,-0.9,-89.6,74.39,78,75,16.11
297,Iwanai,JP,2021-09-24 20:53:15,42.9744,140.5089,50.02,86,0,5.26
298,Palembang,ID,2021-09-24 20:48:22,-2.9167,104.7458,74.77,97,98,2.73
299,Concordia,AR,2021-09-24 20:52:17,-31.393,-58.0209,67.78,59,75,8.99
300,Langres,FR,2021-09-24 20:53:15,47.8333,5.3333,54.45,82,0,1.43
301,Pineto,IT,2021-09-24 20:53:15,42.6097,14.066,71.19,62,0,6.49
302,Bowling Green,US,2021-09-24 20:53:15,36.9903,-86.4436,75.11,52,31,3.94
303,Kaseda,JP,2021-09-24 20:53:16,31.4167,130.3167,71.08,76,3,8.3
304,Boshnyakovo,RU,2021-09-24 20:53:16,49.6333,142.1667,44.56,86,3,3.22
305,Kahului,US,2021-09-24 20:48:36,20.8947,-156.47,86.02,62,20,20.71
306,Khorixas,NA,2021-09-24 20:53:16,-20.3667,14.9667,72.36,22,0,4.56
307,Burmakino,RU,2021-09-24 20:53:17,57.4166,40.2369,45.97,93,0,4.47
308,Murwillumbah,AU,2021-09-24 20:53:17,-28.3167,153.4,67.12,68,25,8.05
309,Comodoro Rivadavia,AR,2021-09-24 20:48:36,-45.8667,-67.5,80.46,24,0,14.97
310,Kabale,UG,2021-09-24 20:53:17,-1.2486,29.9899,58.69,94,100,3.33
311,Khilok,RU,2021-09-24 20:53:17,51.3674,110.4676,40.96,96,83,3.2
312,Tasiilaq,GL,2021-09-24 20:53:18,65.6145,-37.6368,31.39,89,94,4.88
313,Lazaro Cardenas,MX,2021-09-24 20:53:02,17.9583,-102.2,84.74,75,82,7.92
314,Westerly,US,2021-09-24 20:53:18,41.3776,-71.8273,74.46,75,90,1.01
315,Mahebourg,MU,2021-09-24 20:53:18,-20.4081,57.7,71.89,83,40,11.5
316,Karaton,ID,2021-09-24 20:53:18,-6.3424,106.1045,79.95,93,22,1.9
317,Huanta,PE,2021-09-24 20:53:19,-12.9333,-74.25,75.6,53,73,7.67
318,Kilgore,US,2021-09-24 20:53:19,32.3863,-94.8758,89.02,22,87,2.91
319,Russell,US,2021-09-24 20:48:36,32.3502,-85.1999,79.88,40,1,4.61
320,San Juan,AR,2021-09-24 20:52:49,-31.5375,-68.5364,83.73,13,0,8.9
321,Kununurra,AU,2021-09-24 20:50:01,-15.7667,128.7333,53.58,71,51,0.0
322,Byron Bay,AU,2021-09-24 20:53:07,-28.65,153.6167,67.05,63,4,3.65
323,Kamaishi,JP,2021-09-24 20:53:19,39.2667,141.8833,62.67,85,100,6.26
324,Coquimbo,CL,2021-09-24 20:53:19,-29.9533,-71.3436,56.93,82,90,11.5
325,Atar,MR,2021-09-24 20:53:20,20.5169,-13.0499,96.03,16,26,7.29
326,Turayf,SA,2021-09-24 20:53:20,31.6725,38.6637,68.25,68,0,8.05
327,Lodja,CD,2021-09-24 20:53:20,-3.4833,23.4333,70.07,86,100,0.83
328,Cangzhou,CN,2021-09-24 20:53:20,38.3167,116.8667,64.51,80,100,9.44
329,Padang,ID,2021-09-24 20:53:21,-0.9492,100.3543,76.21,90,97,3.87
330,Arraial Do Cabo,BR,2021-09-24 20:48:23,-22.9661,-42.0278,71.56,60,0,24.16
331,Bathsheba,BB,2021-09-24 20:53:21,13.2167,-59.5167,88.41,66,40,8.05
332,Lomza,PL,2021-09-24 20:53:21,53.1781,22.0593,49.84,75,100,11.39
333,Moose Factory,CA,2021-09-24 20:53:22,51.2585,-80.6094,53.6,82,90,13.8
334,Oytal,KZ,2021-09-24 20:53:22,42.9057,73.2697,55.6,28,0,4.61
335,Henties Bay,NA,2021-09-24 20:49:45,-22.116,14.2845,55.85,86,1,7.23
336,Solwezi,ZM,2021-09-24 20:50:41,-12.1688,26.3894,66.45,32,9,5.79
337,Saint-Augustin,CA,2021-09-24 20:53:22,51.226,-58.6502,51.53,59,83,5.68
338,Banapur,IN,2021-09-24 20:53:22,19.7833,85.1833,79.86,87,99,2.84
339,Belmonte,BR,2021-09-24 20:53:23,-15.8631,-38.8828,75.2,70,43,7.61
340,Evanston,US,2021-09-24 20:52:48,42.0411,-87.6901,80.96,37,29,8.99
341,Hit,IQ,2021-09-24 20:53:23,33.6416,42.8251,81.39,33,13,2.46
342,Tonantins,BR,2021-09-24 20:53:23,-2.8731,-67.8022,79.12,87,98,2.04
343,Deputatskiy,RU,2021-09-24 20:53:23,69.3,139.9,25.16,89,83,5.84
344,Kasongo-Lunda,CD,2021-09-24 20:53:24,-6.4667,16.8167,74.7,71,64,2.01
345,Sola,VU,2021-09-24 20:53:24,-13.8833,167.55,78.71,82,78,18.84
346,Galesong,ID,2021-09-24 20:53:24,-5.3166,119.3661,75.22,76,77,2.59
347,Ayni,TJ,2021-09-24 20:53:24,39.3941,68.5377,64.38,27,0,3.94
348,Corinto,GR,2021-09-24 20:53:25,37.9407,22.9573,70.68,56,2,5.84
349,Vilcun,CL,2021-09-24 20:53:25,-38.65,-72.2333,68.74,60,4,4.56
350,Kharp,RU,2021-09-24 20:53:25,66.8014,65.8081,33.98,82,35,2.35
351,Aquiraz,BR,2021-09-24 20:49:02,-3.9014,-38.3911,82.49,80,97,13.65
352,Xining,CN,2021-09-24 20:53:26,36.6167,101.7667,54.84,85,100,1.14
353,Touros,BR,2021-09-24 20:53:26,-5.1989,-35.4608,81.5,79,30,16.78
354,Klyuchi,RU,2021-09-24 20:53:26,52.2667,79.1667,36.93,64,72,8.95
355,Chicama,PE,2021-09-24 20:53:27,-7.8447,-79.1469,61.34,63,21,8.72
356,Chebsara,RU,2021-09-24 20:53:27,59.2002,38.8356,43.93,94,55,8.08
357,Belyy Yar,RU,2021-09-24 20:53:27,53.6039,91.3903,37.29,87,0,4.47
358,Puerto Escondido,MX,2021-09-24 20:53:27,15.85,-97.0667,85.23,71,100,5.82
359,Lata,PT,2021-09-24 20:53:28,40.1629,-8.3327,65.07,86,87,3.78
360,Novosemeykino,RU,2021-09-24 20:53:28,53.3833,50.3667,47.35,71,40,8.95
361,Kettering,US,2021-09-24 20:51:16,39.6895,-84.1688,74.55,42,1,1.01
362,Baculin,PH,2021-09-24 20:53:28,7.4525,126.5842,78.24,85,100,3.83
363,Nantucket,US,2021-09-24 20:50:26,41.2835,-70.0995,75.96,87,1,16.11
364,Oranjemund,NA,2021-09-24 20:53:29,-28.55,16.4333,56.46,85,64,8.81
365,Avera,US,2021-09-24 20:53:29,33.194,-82.5271,79.75,35,0,2.73
366,Acari,PE,2021-09-24 20:53:29,-15.4311,-74.6158,76.55,47,16,7.56
367,Arivonimamo,MG,2021-09-24 20:53:29,-19.0167,47.1833,55.45,82,34,9.62
368,Finspang,SE,2021-09-24 20:53:29,58.7058,15.7674,59.11,86,100,12.39
369,Alofi,NU,2021-09-24 20:53:30,-19.0595,-169.9187,78.69,73,75,10.36
370,Grindavik,IS,2021-09-24 20:53:30,63.8424,-22.4338,40.95,87,75,9.22
371,Pitimbu,BR,2021-09-24 20:53:30,-7.4706,-34.8086,79.39,77,20,13.35
372,Phonhong,LA,2021-09-24 20:53:31,18.5007,102.4166,73.69,98,100,2.28
373,Vostochnyy,RU,2021-09-24 20:53:31,55.8167,37.8667,48.38,85,100,6.8
374,Cabedelo,BR,2021-09-24 20:49:46,-6.9811,-34.8339,79.47,79,14,14.83
375,Ola,RU,2021-09-24 20:53:31,59.5833,151.2833,45.32,69,12,2.68
376,San Felipe,VE,2021-09-24 20:52:43,10.3399,-68.7425,88.2,52,92,3.94
377,Mecca,SA,2021-09-24 20:53:32,21.4267,39.8261,85.59,52,24,6.08
378,Macomer,IT,2021-09-24 20:53:32,40.262,8.7699,67.55,67,96,3.27
379,Shimoda,JP,2021-09-24 20:53:32,34.6667,138.95,70.11,83,100,15.1
380,Tupik,RU,2021-09-24 20:53:32,54.4253,119.9327,36.54,92,70,2.26
381,Kutum,SD,2021-09-24 20:53:33,14.2,24.6667,80.08,23,100,9.57
382,Truth Or Consequences,US,2021-09-24 20:53:33,33.1284,-107.2528,82.9,38,100,8.12
383,Gainesville,US,2021-09-24 20:51:18,29.6516,-82.3248,86.68,59,20,9.22
384,Yakeshi,CN,2021-09-24 20:53:33,49.2833,120.7333,51.48,95,100,2.24
385,Shache,CN,2021-09-24 20:53:33,38.4167,77.2406,71.49,15,0,5.99
386,Nalut,LY,2021-09-24 20:53:34,30.3333,10.85,86.13,20,2,8.28
387,Morondava,MG,2021-09-24 20:53:34,-20.2833,44.2833,72.52,88,3,5.3
388,Nedjo,ET,2021-09-24 20:53:34,9.5046,35.5019,57.6,97,100,1.86
389,Laguna,US,2021-09-24 20:48:48,38.421,-121.4238,100.63,28,1,1.99
390,Lahat,ID,2021-09-24 20:53:35,-3.8,103.5333,72.57,92,48,1.79
391,Kintampo,GH,2021-09-24 20:53:35,8.0563,-1.7306,72.79,92,100,2.37
392,Kijang,KR,2021-09-24 20:53:35,35.2442,129.2139,67.73,82,78,15.52
393,Katsuura,JP,2021-09-24 20:53:35,35.1333,140.3,72.19,79,100,15.37
394,Boyolangu,ID,2021-09-24 20:53:36,-8.1181,111.8935,73.74,93,64,1.86
395,Banda Aceh,ID,2021-09-24 20:53:36,5.5577,95.3222,79.36,81,22,10.31
396,Santa Isabel Do Rio Negro,BR,2021-09-24 20:53:36,-0.4139,-65.0192,85.55,70,100,0.78
397,Athabasca,CA,2021-09-24 20:53:36,54.7169,-113.2854,68.83,32,88,14.94
398,Aleksandrov Gay,RU,2021-09-24 20:53:37,50.147,48.5704,53.04,77,95,11.63
399,Zhirnovsk,RU,2021-09-24 20:53:37,50.9845,44.7735,44.73,81,8,4.81
400,Alta Floresta,BR,2021-09-24 20:53:37,-9.8756,-56.0861,87.62,55,20,4.61
401,Locri,IT,2021-09-24 20:53:37,38.2414,16.2623,74.75,64,0,5.08
402,Novo Aripuana,BR,2021-09-24 20:53:09,-5.1206,-60.3797,88.11,54,99,1.52
403,Balykshi,KZ,2021-09-24 20:53:38,47.0667,51.8667,60.8,59,40,20.13
404,Plettenberg Bay,ZA,2021-09-24 20:53:38,-34.0527,23.3716,56.3,86,72,3.31
405,Garowe,SO,2021-09-24 20:53:38,8.4054,48.4845,77.09,61,95,16.24
406,Ambon,ID,2021-09-24 20:53:38,-3.6954,128.1814,75.34,94,20,5.75
407,Maracacume,BR,2021-09-24 20:53:39,-2.0428,-45.9592,80.56,72,91,5.68
408,Geraldton,AU,2021-09-24 20:53:39,-28.7667,114.6,46.81,87,4,6.91
409,Mahon,ES,2021-09-24 20:53:39,39.8885,4.2658,75.76,94,75,10.36
410,Guanica,PR,2021-09-24 20:53:40,17.9716,-66.908,89.91,72,37,7.0
411,Puerto Cabello,VE,2021-09-24 20:53:40,10.4731,-68.0125,92.75,76,15,10.89
412,Bhalki,IN,2021-09-24 20:53:40,18.0333,77.2167,72.75,90,100,5.55
413,Makakilo City,US,2021-09-24 20:53:40,21.3469,-158.0858,81.28,70,75,9.22
414,Boende,CD,2021-09-24 20:53:41,-0.2167,20.8667,70.38,96,100,1.3
415,Thaba-Tseka,LS,2021-09-24 20:53:41,-29.522,28.6084,57.63,38,79,3.89
416,San Quintin,MX,2021-09-24 20:53:41,30.4833,-115.95,75.22,62,7,12.33
417,Saskylakh,RU,2021-09-24 20:53:41,71.9167,114.0833,29.12,94,100,10.76
418,Blackfoot,US,2021-09-24 20:53:42,43.1905,-112.345,76.57,19,2,7.0
419,Billings,US,2021-09-24 20:52:33,45.7833,-108.5007,74.28,29,20,0.0
420,Itarema,BR,2021-09-24 20:53:42,-2.9248,-39.9167,79.45,79,80,15.95
421,Bubaque,GW,2021-09-24 20:51:07,11.2833,-15.8333,81.57,76,24,4.94
422,San Cristobal,VE,2021-09-24 20:53:42,7.7669,-72.225,87.98,54,40,6.53
423,Okhotsk,RU,2021-09-24 20:53:42,59.3833,143.3,46.96,73,0,2.68
424,Scottsbluff,US,2021-09-24 20:50:43,41.8666,-103.6672,74.79,28,1,7.0
425,Uarini,BR,2021-09-24 20:53:43,-2.99,-65.1083,75.15,61,84,1.52
426,Tomohon,ID,2021-09-24 20:53:43,1.3346,124.8392,65.34,92,94,2.57
427,Alugan,PH,2021-09-24 20:53:43,12.2188,125.4808,81.48,83,33,8.21
428,Coahuayana,MX,2021-09-24 20:53:44,18.7333,-103.6833,87.78,66,99,5.79
429,Aleksandriya,RU,2021-09-24 20:53:44,45.0947,43.2456,51.78,73,9,4.27
430,Albury,AU,2021-09-24 20:53:44,-36.0833,146.9167,44.11,87,4,6.91
431,Playas,EC,2021-09-24 20:53:44,-2.6333,-80.3833,73.38,79,41,11.16
432,Yokadouma,CM,2021-09-24 20:53:44,3.5167,15.05,68.65,96,100,2.08
433,Vao,NC,2021-09-24 20:53:45,-22.6667,167.4833,68.25,66,100,13.73
434,Charsadda,PK,2021-09-24 20:53:45,34.1435,71.7317,83.01,61,0,4.72
435,Ayorou,NE,2021-09-24 20:53:45,14.7308,0.9174,95.58,26,76,8.37
436,Romitan,UZ,2021-09-24 20:53:46,39.9343,64.3814,62.55,48,0,4.61
437,Tual,ID,2021-09-24 20:53:46,-5.6667,132.75,79.88,81,58,15.68
438,Tubuala,PA,2021-09-24 20:53:46,9.5167,-79.0333,84.33,87,100,3.18
439,Voznesenye,RU,2021-09-24 20:53:46,61.0106,35.4781,47.37,80,96,10.0
440,Roma,US,2021-09-24 20:53:31,43.2128,-75.4557,68.63,59,53,1.01
441,Shelburne,CA,2021-09-24 20:53:47,44.0787,-80.2041,58.75,86,98,11.95
442,Manadhoo,MV,2021-09-24 20:53:47,5.7667,73.3833,80.87,77,99,14.56
443,Cockburn Town,TC,2021-09-24 20:51:17,21.4612,-71.1419,84.16,65,40,0.0
444,Panzhihua,CN,2021-09-24 20:53:47,26.5851,101.7128,68.04,89,35,1.05
445,Bajil,YE,2021-09-24 20:53:47,15.0584,43.2851,88.97,56,46,1.36
446,Bosaso,SO,2021-09-24 20:53:48,11.2842,49.1816,90.23,48,100,17.11
447,Neryungri,RU,2021-09-24 20:53:48,56.6709,124.6491,38.34,92,100,1.99
448,Ponta Delgada,PT,2021-09-24 20:48:52,37.7333,-25.6667,71.51,77,20,8.05
449,Hovd,MN,2021-09-24 20:53:48,48.0056,91.6419,38.86,49,99,3.31
450,Una,IN,2021-09-24 20:53:48,20.8167,71.0333,77.4,89,15,5.75
451,Merritt Island,US,2021-09-24 20:53:49,28.5392,-80.672,88.11,66,1,8.05
452,Puerto Padre,CU,2021-09-24 20:53:49,21.195,-76.6028,94.21,61,59,11.36
453,Griffith,US,2021-09-24 20:53:49,41.5284,-87.4237,80.89,38,1,1.99
454,Hambantota,LK,2021-09-24 20:53:49,6.1241,81.1185,79.48,81,72,17.69
455,Guacimo,CR,2021-09-24 20:53:50,10.2104,-83.6807,82.09,70,100,4.61
456,Srednekolymsk,RU,2021-09-24 20:52:41,67.45,153.6833,31.6,89,30,6.26
457,Pasighat,IN,2021-09-24 20:53:50,28.0667,95.3333,75.69,88,86,3.29
458,Luanda,AO,2021-09-24 20:53:50,-8.8368,13.2343,75.2,78,0,6.91
459,Kaeo,NZ,2021-09-24 20:53:51,-35.1,173.7833,58.32,88,9,5.61
460,Kemin,KG,2021-09-24 20:53:51,42.7846,75.6892,53.51,28,0,5.41
461,Sassandra,CI,2021-09-24 20:53:51,4.95,-6.0833,76.44,92,23,7.54
462,Maple Creek,CA,2021-09-24 20:53:52,49.9168,-109.4848,68.49,19,21,8.05
463,Nyazepetrovsk,RU,2021-09-24 20:53:52,56.0531,59.6028,40.12,67,49,3.53
464,Ixtapa,MX,2021-09-24 20:53:52,20.7,-105.2,88.23,74,92,4.0
465,South River,US,2021-09-24 20:51:23,40.4465,-74.386,76.19,48,0,3.0
466,Mocuba,MZ,2021-09-24 20:53:52,-16.8392,36.9856,69.1,75,0,2.57
467,Ostroleka,PL,2021-09-24 20:53:53,53.0862,21.5757,50.49,75,91,10.33
468,Olavarria,AR,2021-09-24 20:53:53,-36.8927,-60.3225,66.02,59,0,7.72
469,Nakhon Thai,TH,2021-09-24 20:53:53,17.1006,100.8374,73.54,99,100,1.68
470,Gat,IL,2021-09-24 20:53:53,31.61,34.7642,72.28,60,0,1.57
471,Lasa,IT,2021-09-24 20:53:54,46.6166,10.7002,58.08,67,0,1.88
472,Katima Mulilo,NA,2021-09-24 20:53:54,-17.5,24.2667,70.56,30,0,5.97
473,Nanortalik,GL,2021-09-24 20:53:54,60.1432,-45.2371,35.35,54,3,7.07
474,Gdov,RU,2021-09-24 20:53:55,58.7406,27.8122,45.09,94,100,9.01
475,Drovyanaya,RU,2021-09-24 20:53:55,51.5833,113.0333,44.11,94,87,2.35
476,Neiafu,TO,2021-09-24 20:53:55,-18.65,-173.9833,74.08,94,75,5.75
477,Itoman,JP,2021-09-24 20:53:56,26.1247,127.6694,78.82,85,20,11.5
478,Wanaka,NZ,2021-09-24 20:50:09,-44.7,169.15,45.57,96,100,9.71
479,La Serena,CL,2021-09-24 20:53:56,-29.9078,-71.2542,56.71,82,90,11.5
480,Kaniama,CD,2021-09-24 20:53:56,-7.5667,24.1833,72.01,69,97,5.66
481,Rio Grande,BR,2021-09-24 20:53:56,-32.035,-52.0986,68.11,86,22,14.34
482,Macau,MO,2021-09-24 20:52:24,22.2006,113.5461,84.13,78,20,18.41
483,Santa Vitoria Do Palmar,BR,2021-09-24 20:53:57,-33.5189,-53.3681,57.92,87,1,9.26
484,Palmer,US,2021-09-24 20:53:57,42.1584,-72.3287,71.85,71,75,5.75
485,Axim,GH,2021-09-24 20:51:12,4.8699,-2.2405,77.18,91,50,6.2
486,Toa Alta,PR,2021-09-24 20:53:57,18.3883,-66.2482,89.46,70,75,5.75
487,Damietta,EG,2021-09-24 20:53:58,31.4165,31.8133,76.89,60,44,11.07
488,Shima,CN,2021-09-24 20:53:58,24.4478,117.8111,82.22,91,1,2.1
489,Tecoanapa,MX,2021-09-24 20:53:58,16.5167,-98.75,86.29,67,100,8.95
490,Great Yarmouth,GB,2021-09-24 20:53:58,52.6083,1.7305,67.01,84,100,6.69
491,Kamenka,RU,2021-09-24 20:53:59,51.3223,42.7678,50.77,71,100,7.31
492,Bogorodskoye,RU,2021-09-24 20:53:59,56.55,37.8833,40.71,96,53,6.26
493,Newport,GB,2021-09-24 20:53:59,51.5877,-2.9984,64.85,92,59,6.91
494,Chapada Dos Guimaraes,BR,2021-09-24 20:53:59,-15.4606,-55.7497,87.46,18,43,2.33
495,Rio Cuarto,AR,2021-09-24 20:51:34,-33.1307,-64.3499,76.77,25,0,24.16
496,Kerema,PG,2021-09-24 20:54:00,-7.9631,145.7785,76.41,87,100,3.4
497,Chulman,RU,2021-09-24 20:54:00,56.8479,124.9104,39.18,91,100,1.74
498,Tootsi,EE,2021-09-24 20:54:00,58.5781,24.7925,47.66,96,100,5.75
499,Odessa,UA,2021-09-24 20:54:00,46.4775,30.7326,51.73,87,0,8.95
500,Vestmannaeyjar,IS,2021-09-24 20:49:44,63.4427,-20.2734,43.25,85,100,21.97
501,Kapuskasing,CA,2021-09-24 20:54:01,49.4169,-82.4331,46.49,93,90,9.22
502,Pavelets,RU,2021-09-24 20:54:01,53.7883,39.246,46.11,78,93,6.8
503,Assiniboia,CA,2021-09-24 20:54:02,49.6334,-105.9845,62.51,13,37,12.66
504,Bambanglipuro,ID,2021-09-24 20:54:02,-7.95,110.2833,75.07,91,57,4.36
505,Abu Samrah,SY,2021-09-24 20:54:02,35.3029,37.1841,64.92,48,0,7.96
506,San Patricio,US,2021-09-24 20:54:02,28.017,-97.5169,88.52,40,3,13.09
507,Maeriste,RO,2021-09-24 20:54:03,47.3167,22.8,45.81,84,93,2.15
508,Maceio,BR,2021-09-24 20:53:04,-9.6658,-35.7353,80.04,78,75,9.22
509,Tautira,PF,2021-09-24 20:51:50,-17.7333,-149.15,82.42,61,1,3.91
510,Launceston,AU,2021-09-24 20:54:03,-41.45,147.1667,37.8,88,9,1.01
511,Adrar,MR,2021-09-24 20:54:03,20.5022,-10.0711,92.98,17,49,7.78
512,Sistranda,NO,2021-09-24 20:54:03,63.7256,8.834,51.91,84,81,42.75
513,Andrews,US,2021-09-24 20:54:04,32.3187,-102.5457,87.42,20,1,13.8
514,Lengede,DE,2021-09-24 20:54:04,52.2049,10.3078,64.08,72,53,4.0
515,Nishihara,JP,2021-09-24 20:54:04,26.1842,127.7558,78.08,86,20,8.05
516,Ustye,RU,2021-09-24 20:54:04,59.6304,39.736,42.08,97,54,6.89
517,Lima,PE,2021-09-24 20:54:05,-12.0432,-77.0282,64.65,88,20,1.01
518,Walvis Bay,NA,2021-09-24 20:54:05,-22.9575,14.5053,56.08,87,4,2.3
519,Zabol,AF,2021-09-24 20:54:05,32.25,67.25,65.73,16,0,5.32
520,Namatanai,PG,2021-09-24 20:54:05,-3.6667,152.4333,79.95,77,62,5.08
521,Najran,SA,2021-09-24 20:54:06,17.4924,44.1277,77.65,20,78,1.48
522,Turukhansk,RU,2021-09-24 20:54:06,65.8167,87.9833,28.65,87,14,9.57
523,Cuamba,MZ,2021-09-24 20:54:06,-14.8031,36.5372,76.24,45,75,3.67
524,Shakawe,BW,2021-09-24 20:54:06,-18.3667,21.85,72.7,23,0,6.04
525,Nuevo Progreso,MX,2021-09-24 20:54:07,23.1667,-97.95,90.59,47,75,10.0
526,Tazovskiy,RU,2021-09-24 20:54:07,67.4667,78.7,31.35,87,6,7.81
527,Bolu,TR,2021-09-24 20:54:07,40.6667,31.5833,47.53,70,59,2.62
528,Bambous Virieux,MU,2021-09-24 20:54:07,-20.3428,57.7575,71.85,83,40,11.5
529,Pisco,PE,2021-09-24 20:54:08,-13.7,-76.2167,65.01,77,0,9.22
530,Sisimiut,GL,2021-09-24 20:51:40,66.9395,-53.6735,32.41,69,13,8.61
531,Ulladulla,AU,2021-09-24 20:54:08,-35.35,150.4667,57.87,76,44,8.37
532,Yeppoon,AU,2021-09-24 20:54:08,-23.1333,150.7333,55.18,75,3,2.44
533,Kitob,UZ,2021-09-24 20:54:09,39.0843,66.8332,66.78,17,0,5.08
534,Marsh Harbour,BS,2021-09-24 20:54:09,26.5412,-77.0636,83.61,67,56,2.91
535,Kalabo,ZM,2021-09-24 20:54:09,-14.97,22.6814,69.28,21,1,5.55
536,Vila,PT,2021-09-24 20:54:09,42.0304,-8.1588,56.34,91,73,3.11
537,Awjilah,LY,2021-09-24 20:54:10,29.1081,21.2869,73.58,54,0,14.74
538,Amapa,BR,2021-09-24 20:54:10,1.0,-52.0,79.84,64,100,8.72
539,Nome,US,2021-09-24 20:50:08,64.5011,-165.4064,35.67,70,90,9.22
540,Cabildo,AR,2021-09-24 20:54:10,-38.4842,-61.8954,68.23,53,0,13.33
541,Carutapera,BR,2021-09-24 20:54:10,-1.195,-46.02,80.67,74,91,9.04
542,Flin Flon,CA,2021-09-24 20:54:11,54.7682,-101.865,51.64,66,90,14.97
543,Ayan,RU,2021-09-24 20:54:11,56.45,138.1667,52.18,55,16,5.88
544,Port Blair,IN,2021-09-24 20:54:11,11.6667,92.75,80.87,84,98,13.73
545,Vanimo,PG,2021-09-24 20:54:11,-2.6741,141.3028,78.1,85,100,5.93
546,Iranshahr,IR,2021-09-24 20:54:12,27.2025,60.6848,91.74,35,0,4.61
547,Genhe,CN,2021-09-24 20:54:12,50.7833,121.5167,40.93,91,85,1.25
548,Priladozhskiy,RU,2021-09-24 20:54:12,59.85,31.4833,46.62,16,100,7.36
549,Bac Lieu,VN,2021-09-24 20:54:13,9.285,105.7244,78.17,88,100,5.68
550,Naryan-Mar,RU,2021-09-24 20:54:13,67.6713,53.087,39.13,90,73,9.6
551,Chernyshevskiy,RU,2021-09-24 20:54:13,63.0128,112.4714,34.29,93,99,4.79
552,East London,ZA,2021-09-24 20:54:13,-33.0153,27.9116,62.11,74,27,4.14
553,Matamoros,MX,2021-09-24 20:54:14,25.5333,-103.25,89.11,32,2,6.31
554,Pontal Do Parana,BR,2021-09-24 20:54:14,-25.6533,-48.5128,74.41,87,63,3.65
555,Petropavlovsk-Kamchatskiy,RU,2021-09-24 20:54:14,53.0452,158.6483,34.39,100,40,8.95
556,Sao Jose Da Coroa Grande,BR,2021-09-24 20:54:14,-8.8978,-35.1478,76.66,84,16,12.82
557,Gondanglegi,ID,2021-09-24 20:54:15,-7.7479,112.0132,74.03,89,22,6.87
558,Marawi,PH,2021-09-24 20:54:15,7.9986,124.2928,67.64,94,100,2.01
559,Bushehr,IR,2021-09-24 20:54:15,28.9684,50.8385,89.46,39,1,7.72
560,Ardahan,TR,2021-09-24 20:54:15,41.1087,42.7022,39.58,86,89,2.39
561,Liverpool,GB,2021-09-24 20:54:16,53.4106,-2.9779,66.88,84,40,6.91
562,Mitzic,GA,2021-09-24 20:54:16,0.7821,11.549,70.3,93,99,2.98
563,Okato,NZ,2021-09-24 20:54:16,-39.2,173.8833,50.41,78,6,6.46
564,Skibbereen,IE,2021-09-24 20:54:16,51.55,-9.2667,64.2,95,100,7.9
565,Rosarito,MX,2021-09-24 20:54:17,32.3333,-117.0333,90.09,66,37,8.48
566,Prince Rupert,CA,2021-09-24 20:54:17,54.3161,-130.3201,53.69,98,90,10.36
567,Rafraf,TN,2021-09-24 20:54:17,37.1904,10.1837,80.91,84,77,22.84
568,Jacareacanga,BR,2021-09-24 20:54:17,-6.2222,-57.7528,74.7,93,85,4.23
569,Lingao,CN,2021-09-24 20:54:18,19.9103,109.6859,78.58,90,100,11.79
570,Eyl,SO,2021-09-24 20:54:18,7.9803,49.8164,76.95,78,17,15.12
571,Novyy Urengoy,RU,2021-09-24 20:54:19,66.0833,76.6333,32.13,77,0,7.92
572,Zhezkazgan,KZ,2021-09-24 20:54:19,47.8043,67.7144,47.01,31,77,12.68
573,Bilma,NE,2021-09-24 20:54:19,18.6853,12.9164,88.16,12,4,6.58
574,Manzhouli,CN,2021-09-24 20:54:20,49.6,117.4333,45.68,66,38,3.96
